{
  "UWHDS832UE928E9238EH3UEJ93UEH29EI92HUHE2": {
    "limit": 5,
    "sent": 3
  },
  "UWHDSJNDNIEJD93ID039E03INDI390IEJ3N": {
    "limit": 5,
    "sent": 5
  },
  "IDNIEJDNIE93IEI93NEI93IEJN3IE03E3E-3DOJN3IJED3OE3OJENI3": {
    "limit": 7000,
    "sent": 7000
  },
  "BSNDIHBUE39HEBUI3J9EJ3EI93RIJ4NR94": {
    "limit": 20,
    "sent": 20
  },
  "kfkfkf": {
    "limit": 4,
    "sent": 0
  },
  "DJCJEFEJDFNEKJDEOR948RU489UR3IEJDNIEDJKIEI": {
    "limit": 30,
    "sent": 0
  },
  "IDNCIOKJFNIFOEKJDIJ349JE439RIJ43URJ93NEI3JE3": {
    "limit": 3,
    "sent": 0
  }
}